{
    "type": "minecraft:crafting_shaped",
    "pattern": [
        "QIQ",
        "BWB",
        "QNQ"
    ],
    "key": {
        "Q": {
            "item": "minecraft:quartz"
        },
        "I": {
            "item": "minecraft:iron_block"
        },
        "B": {
            "item": "minecraft:blaze_rod"
        },
        "W": {
            "item": "minecraft:wither_skeleton_skull"
        },
        "N": {
            "item": "minecraft:nether_star"
        }
    },
    "result": {
        "id": "minecraft:nether_star",
        "count": 2
    }
}