{
    "type": "minecraft:crafting_shapeless",
    "ingredients": [
        {
            "item": "minecraft:prismarine_crystals"
        },
        {
            "item": "minecraft:prismarine_crystals"
        },
        {
            "item": "minecraft:prismarine_crystals"
        },
        {
            "item": "minecraft:prismarine_crystals"
        }
    ],
    "result": {
        "id": "minecraft:prismarine_shard",
        "count": 2
    },
    "show_notification": true
}