{
    "type": "minecraft:crafting_shaped",
    "category": "misc",
    "pattern": [
        " a ",
        "bcb",
        " d "
    ],
    "key": {
        "a": {
            "item": "minecraft:iron_bars"
        },
        "b": {
            "item": "minecraft:redstone"
        },
        "c": {
            "item": "minecraft:spawner"
        },
        "d": {
            "item": "minecraft:experience_bottle"
        }
    },
    "result": {
        "id": "minecraft:spawner",
        "count": 2
    }
}