{
    "type": "minecraft:crafting_shaped",
    "category": "equipment",
    "pattern": [
        "EGE",
        "GWG",
        " G "
    ],
    "key": {
        "E": {
            "item": "minecraft:emerald"
        },
        "G": {
            "item": "minecraft:gold_block"
        },
        "W": {
            "item": "minecraft:wither_skeleton_skull"
        }
    },
    "result": {
        "id": "minecraft:totem_of_undying",
        "count": 1
    },
    "show_notification": true
}