{
    "type": "minecraft:crafting_shaped",
    "category": "misc",
    "pattern": [
        " a ",
        "bcb",
        " d "
    ],
    "key": {
        "a": {
            "item": "minecraft:emerald_block"
        },
        "b": {
            "item": "minecraft:gold_block"
        },
        "c": {
            "item": "minecraft:totem_of_undying"
        },
        "d": {
            "item": "minecraft:diamond_block"
        }
    },
    "result": {
        "id": "minecraft:totem_of_undying",
        "count": 1
    }
}