{
    "type": "minecraft:crafting_shaped",
    "category": "misc",
    "pattern": [
        " a ",
        "bcd",
        " c "
    ],
    "key": {
        "a": {
            "item": "minecraft:copper_ingot"
        },
        "b": {
            "item": "minecraft:trial_key"
        },
        "c": {
            "item": "minecraft:emerald"
        },
        "d": {
            "item": "minecraft:diamond"
        }
    },
    "result": {
        "id": "minecraft:trial_key",
        "count": 4
    }
}