{
    "type": "minecraft:crafting_shaped",
    "category": "misc",
    "pattern": [
        " a ",
        "bcd",
        " e "
    ],
    "key": {
        "a": {
            "item": "minecraft:iron_bars"
        },
        "b": {
            "item": "minecraft:trial_spawner"
        },
        "c": {
            "item": "minecraft:redstone"
        },
        "d": {
            "item": "minecraft:spawner"
        },
        "e": {
            "item": "minecraft:echo_shard"
        }
    },
    "result": {
        "id": "minecraft:trial_spawner",
        "count": 4
    }
}